-- phpMyAdmin SQL Dump
-- version 5.2.1
-- https://www.phpmyadmin.net/
--
-- Máy chủ: 127.0.0.1
-- Thời gian đã tạo: Th4 19, 2025 lúc 07:07 AM
-- Phiên bản máy phục vụ: 10.11.2-MariaDB
-- Phiên bản PHP: 8.1.25

SET SQL_MODE = "NO_AUTO_VALUE_ON_ZERO";
START TRANSACTION;
SET time_zone = "+00:00";


/*!40101 SET @OLD_CHARACTER_SET_CLIENT=@@CHARACTER_SET_CLIENT */;
/*!40101 SET @OLD_CHARACTER_SET_RESULTS=@@CHARACTER_SET_RESULTS */;
/*!40101 SET @OLD_COLLATION_CONNECTION=@@COLLATION_CONNECTION */;
/*!40101 SET NAMES utf8mb4 */;

--
-- Cơ sở dữ liệu: `trasua_sql`
--

-- --------------------------------------------------------

--
-- Cấu trúc bảng cho bảng `anhsp`
--

CREATE TABLE `anhsp` (
  `MaSP` int(11) NOT NULL,
  `Anh1` varchar(500) DEFAULT NULL,
  `Anh2` varchar(500) DEFAULT NULL,
  `Anh3` varchar(500) DEFAULT NULL,
  `Anh4` varchar(500) DEFAULT NULL
) ENGINE=InnoDB DEFAULT CHARSET=utf8mb4 COLLATE=utf8mb4_general_ci;

--
-- Đang đổ dữ liệu cho bảng `anhsp`
--

INSERT INTO `anhsp` (`MaSP`, `Anh1`, `Anh2`, `Anh3`, `Anh4`) VALUES
(179, 'cach-lam-tra-mang-cau_90f51b5c75.jpg', 'tra-mang-cau-1-694.jpg', 'tra-mang-cau-2.jpg', 'tra-mang-cau-tuoi.jpg'),
(180, 'bat-mi-cong-thuc-lam-mi-cay-thap.png', 'foody-mobile-dfg-jpg-1610.png', 'mceu-618512351637565526921.png', 'My-kim-chi-thap-cam.png'),
(181, 'tra-mang-cau-2.jpg', '', '', '');

-- --------------------------------------------------------

--
-- Cấu trúc bảng cho bảng `binhluan`
--

CREATE TABLE `binhluan` (
  `MaBL` int(11) NOT NULL,
  `MaSP` int(11) NOT NULL,
  `MaKH` int(11) NOT NULL,
  `NoiDung` text NOT NULL,
  `ThoiGian` datetime NOT NULL DEFAULT current_timestamp()
) ENGINE=InnoDB DEFAULT CHARSET=utf8mb4 COLLATE=utf8mb4_vietnamese_ci;

--
-- Đang đổ dữ liệu cho bảng `binhluan`
--

INSERT INTO `binhluan` (`MaBL`, `MaSP`, `MaKH`, `NoiDung`, `ThoiGian`) VALUES
(21, 119, 16, 'rất đẹp', '2024-01-18 15:22:24'),
(22, 159, 17, '', '2025-04-15 20:19:50');

-- --------------------------------------------------------

--
-- Cấu trúc bảng cho bảng `chitiethoadon`
--

CREATE TABLE `chitiethoadon` (
  `MaHD` int(11) NOT NULL,
  `MaSP` int(11) NOT NULL,
  `SoLuong` int(11) NOT NULL,
  `DonGia` decimal(10,0) NOT NULL,
  `ThanhTien` decimal(10,0) NOT NULL,
  `Size` varchar(50) NOT NULL,
  `MaMau` varchar(50) NOT NULL
) ENGINE=InnoDB DEFAULT CHARSET=utf8mb4 COLLATE=utf8mb4_vietnamese_ci;

--
-- Đang đổ dữ liệu cho bảng `chitiethoadon`
--

INSERT INTO `chitiethoadon` (`MaHD`, `MaSP`, `SoLuong`, `DonGia`, `ThanhTien`, `Size`, `MaMau`) VALUES
(112, 179, 1, 30000, 30000, 'M', 'Kim quất');

-- --------------------------------------------------------

--
-- Cấu trúc bảng cho bảng `chitietsanpham`
--

CREATE TABLE `chitietsanpham` (
  `MaSP` int(11) NOT NULL,
  `MaSize` varchar(50) NOT NULL,
  `MaMau` varchar(20) NOT NULL DEFAULT 'null',
  `SoLuong` int(11) NOT NULL
) ENGINE=InnoDB DEFAULT CHARSET=utf8mb4 COLLATE=utf8mb4_vietnamese_ci;

--
-- Đang đổ dữ liệu cho bảng `chitietsanpham`
--

INSERT INTO `chitietsanpham` (`MaSP`, `MaSize`, `MaMau`, `SoLuong`) VALUES
(179, 'L', 'Kim quất', 50),
(179, 'L', 'Nha đam', 50),
(179, 'L', 'Phô mai', 50),
(179, 'L', 'Sương sáo', 50),
(179, 'L', 'Trân châu đen', 50),
(179, 'L', 'Trân châu trắng', 50),
(179, 'M', 'Kim quất', 50),
(179, 'M', 'Nha đam', 50),
(179, 'M', 'Phô mai', 50),
(179, 'M', 'Sương sáo', 50),
(179, 'M', 'Trân châu đen', 50),
(179, 'M', 'Trân châu trắng', 50),
(179, 'XL', 'Kim quất', 50),
(179, 'XL', 'Nha đam', 50),
(179, 'XL', 'Phô mai', 50),
(179, 'XL', 'Sương sáo', 50),
(179, 'XL', 'Trân châu đen', 50),
(179, 'XL', 'Trân châu trắng', 50),
(181, 'L', 'Nha đam', 50),
(181, 'L', 'Phô mai', 50),
(181, 'L', 'Sương sáo', 50),
(181, 'M', 'Nha đam', 50),
(181, 'M', 'Phô mai', 50),
(181, 'M', 'Sương sáo', 50),
(181, 'XL', 'Nha đam', 50),
(181, 'XL', 'Phô mai', 50),
(181, 'XL', 'Sương sáo', 50);

--
-- Bẫy `chitietsanpham`
--
DELIMITER $$
CREATE TRIGGER `tongsl` AFTER UPDATE ON `chitietsanpham` FOR EACH ROW UPDATE sanpham SET SoLuong= (SELECT SUM(SoLuong) from chitietsanpham WHERE MaSP = NEW.MaSP) WHERE MaSP = NEW.MaSP
$$
DELIMITER ;
DELIMITER $$
CREATE TRIGGER `tongsl_del` AFTER DELETE ON `chitietsanpham` FOR EACH ROW UPDATE sanpham SET SoLuong= (SELECT SUM(SoLuong) from chitietsanpham WHERE MaSP = OLD.MaSP) WHERE MaSP = OLD.MaSP
$$
DELIMITER ;
DELIMITER $$
CREATE TRIGGER `tongsl_insert` AFTER INSERT ON `chitietsanpham` FOR EACH ROW UPDATE sanpham SET SoLuong= (SELECT SUM(SoLuong) from chitietsanpham WHERE MaSP = NEW.MaSP) WHERE MaSP = NEW.MaSP
$$
DELIMITER ;

-- --------------------------------------------------------

--
-- Cấu trúc bảng cho bảng `danhmuc`
--

CREATE TABLE `danhmuc` (
  `MaDM` int(11) NOT NULL,
  `TenDM` varchar(50) NOT NULL
) ENGINE=InnoDB DEFAULT CHARSET=utf8mb4 COLLATE=utf8mb4_vietnamese_ci;

--
-- Đang đổ dữ liệu cho bảng `danhmuc`
--

INSERT INTO `danhmuc` (`MaDM`, `TenDM`) VALUES
(1, 'Sản Phẩm Nổi Bật'),
(2, 'Sản Phẩm Mới'),
(3, 'Sản Phẩm bán chạy');

-- --------------------------------------------------------

--
-- Cấu trúc bảng cho bảng `hoadon`
--

CREATE TABLE `hoadon` (
  `MaHD` int(11) NOT NULL,
  `MaKH` int(11) NOT NULL,
  `MaNV` int(11) DEFAULT NULL,
  `NgayDat` datetime DEFAULT current_timestamp(),
  `NgayGiao` datetime DEFAULT NULL,
  `TinhTrang` varchar(20) DEFAULT NULL,
  `TongTien` decimal(10,0) NOT NULL,
  `MaNVGH` varchar(50) DEFAULT NULL
) ENGINE=InnoDB DEFAULT CHARSET=utf8mb4 COLLATE=utf8mb4_vietnamese_ci;

--
-- Đang đổ dữ liệu cho bảng `hoadon`
--

INSERT INTO `hoadon` (`MaHD`, `MaKH`, `MaNV`, `NgayDat`, `NgayGiao`, `TinhTrang`, `TongTien`, `MaNVGH`) VALUES
(112, 18, 3, '2025-04-19 11:48:46', NULL, 'Hủy Bỏ', 30000, NULL);

-- --------------------------------------------------------

--
-- Cấu trúc bảng cho bảng `khachhang`
--

CREATE TABLE `khachhang` (
  `MaKH` int(11) NOT NULL,
  `TenKH` varchar(50) NOT NULL,
  `Email` varchar(50) NOT NULL,
  `SDT` bigint(12) NOT NULL,
  `DiaChi` text NOT NULL,
  `MatKhau` varchar(50) NOT NULL
) ENGINE=InnoDB DEFAULT CHARSET=utf8mb4 COLLATE=utf8mb4_vietnamese_ci;

--
-- Đang đổ dữ liệu cho bảng `khachhang`
--

INSERT INTO `khachhang` (`MaKH`, `TenKH`, `Email`, `SDT`, `DiaChi`, `MatKhau`) VALUES
(6, 'Nguyễn Nam Cường', 'cuong@gmail.com', 1228923743, 'diachi', '123456'),
(18, 'demohihi', 'demo@gmail.com', 1234567890, '112 Chu Văn An', '12345'),
(17, 'Thao Dinh Khai', 'khai@gmail.com', 1234567890, '112 Chu Văn An, Quyết Tâm, TP Sơn La', '12345'),
(16, 'Nguyễn Doãn Tùng', 'nguyendoantung12345@gmail.com', 348008939, 'Quận 12 HCM', 'abc123'),
(1, 'Nguyễn Đình Trí', 'tringuyen25071998@gmail.com', 778923743, '62/32 trần thánh tông - tân bình - hcm', '123456');

-- --------------------------------------------------------

--
-- Cấu trúc bảng cho bảng `khuyenmai`
--

CREATE TABLE `khuyenmai` (
  `MaKM` int(11) NOT NULL,
  `TenKM` varchar(50) DEFAULT NULL,
  `MoTa` varchar(11) DEFAULT NULL,
  `KM_PT` int(5) DEFAULT NULL,
  `TienKM` decimal(10,0) DEFAULT NULL,
  `NgayBD` date DEFAULT NULL,
  `NgayKT` date DEFAULT NULL
) ENGINE=InnoDB DEFAULT CHARSET=utf8mb4 COLLATE=utf8mb4_vietnamese_ci;

--
-- Đang đổ dữ liệu cho bảng `khuyenmai`
--

INSERT INTO `khuyenmai` (`MaKM`, `TenKM`, `MoTa`, `KM_PT`, `TienKM`, `NgayBD`, `NgayKT`) VALUES
(1, 'Tri Ân Khách Hàng', 'sale', 0, 50000, '2020-01-01', '2024-01-31'),
(3, 'Vui Xuân - Đón Tết ', NULL, 0, 100000, '2019-12-19', '2020-02-29'),
(4, 'Khuyến Mãi Đặc Biệt', NULL, 0, 100000, '2019-12-19', '2020-01-31');

-- --------------------------------------------------------

--
-- Cấu trúc bảng cho bảng `mau`
--

CREATE TABLE `mau` (
  `MaMau` varchar(50) NOT NULL DEFAULT 'none'
) ENGINE=InnoDB DEFAULT CHARSET=utf8mb4 COLLATE=utf8mb4_vietnamese_ci;

--
-- Đang đổ dữ liệu cho bảng `mau`
--

INSERT INTO `mau` (`MaMau`) VALUES
('Kim quất'),
('Nha đam'),
('Phô mai'),
('Sương sáo'),
('Trân châu đen'),
('Trân châu trắng');

-- --------------------------------------------------------

--
-- Cấu trúc bảng cho bảng `nguoinhan`
--

CREATE TABLE `nguoinhan` (
  `MaHD` int(11) NOT NULL,
  `TenNN` varchar(50) NOT NULL,
  `DiaChiNN` text NOT NULL,
  `SDTNN` int(12) NOT NULL
) ENGINE=InnoDB DEFAULT CHARSET=utf8mb4 COLLATE=utf8mb4_vietnamese_ci;

--
-- Đang đổ dữ liệu cho bảng `nguoinhan`
--

INSERT INTO `nguoinhan` (`MaHD`, `TenNN`, `DiaChiNN`, `SDTNN`) VALUES
(112, 'demohihi', '112 Chu Văn An', 1234567890);

-- --------------------------------------------------------

--
-- Cấu trúc bảng cho bảng `nhacc`
--

CREATE TABLE `nhacc` (
  `MaNCC` int(11) NOT NULL,
  `TenNCC` varchar(50) NOT NULL
) ENGINE=InnoDB DEFAULT CHARSET=utf8mb4 COLLATE=utf8mb4_vietnamese_ci;

--
-- Đang đổ dữ liệu cho bảng `nhacc`
--

INSERT INTO `nhacc` (`MaNCC`, `TenNCC`) VALUES
(15, 'Trà'),
(18, 'Cà Phê'),
(19, 'Bánh & Snack'),
(20, 'Thức Uống Đá Xay'),
(21, 'Mỳ Cay');

-- --------------------------------------------------------

--
-- Cấu trúc bảng cho bảng `nhanvien`
--

CREATE TABLE `nhanvien` (
  `MaNV` int(11) NOT NULL,
  `TenNV` varchar(50) NOT NULL,
  `Email` varchar(50) NOT NULL,
  `SDT` int(12) NOT NULL,
  `DiaChi` text NOT NULL,
  `MatKhau` varchar(50) NOT NULL,
  `Quyen` int(20) NOT NULL
) ENGINE=InnoDB DEFAULT CHARSET=utf8mb4 COLLATE=utf8mb4_vietnamese_ci;

--
-- Đang đổ dữ liệu cho bảng `nhanvien`
--

INSERT INTO `nhanvien` (`MaNV`, `TenNV`, `Email`, `SDT`, `DiaChi`, `MatKhau`, `Quyen`) VALUES
(3, 'Admin', 'admin@gmail.com', 905027527, 'Số 451 Hoàng Diệu - Thành phố Đà Nẵng', 'admin', 1),
(6, 'Khai Ne', 'khai@gmail.com', 819400780, '112 Chu Văn An, Quyết Tâm, TP Sơn La', '12345', 5);

-- --------------------------------------------------------

--
-- Cấu trúc bảng cho bảng `phieugiamgia`
--

CREATE TABLE `phieugiamgia` (
  `id` varchar(200) NOT NULL,
  `TenPhieu` varchar(200) NOT NULL,
  `SoTien` int(11) NOT NULL
) ENGINE=InnoDB DEFAULT CHARSET=utf8mb4 COLLATE=utf8mb4_general_ci;

--
-- Đang đổ dữ liệu cho bảng `phieugiamgia`
--

INSERT INTO `phieugiamgia` (`id`, `TenPhieu`, `SoTien`) VALUES
('dinhtri', 'phiếu của đình trí ', 100000);

-- --------------------------------------------------------

--
-- Cấu trúc bảng cho bảng `phieunhap`
--

CREATE TABLE `phieunhap` (
  `MaPN` int(11) NOT NULL,
  `MaNV` int(11) NOT NULL,
  `MaSP` int(11) NOT NULL,
  `SoLuong` int(11) NOT NULL,
  `DonGia` decimal(10,0) DEFAULT NULL,
  `TongTien` decimal(10,0) NOT NULL,
  `NgayNhap` datetime NOT NULL DEFAULT current_timestamp(),
  `Note` varchar(100) DEFAULT NULL,
  `Size` varchar(50) NOT NULL,
  `Mau` varchar(50) NOT NULL
) ENGINE=InnoDB DEFAULT CHARSET=utf8mb4 COLLATE=utf8mb4_vietnamese_ci;

-- --------------------------------------------------------

--
-- Cấu trúc bảng cho bảng `phieuxuat`
--

CREATE TABLE `phieuxuat` (
  `MaPX` int(11) NOT NULL,
  `MaNV` int(11) NOT NULL,
  `MaSP` int(11) NOT NULL,
  `Mau` varchar(100) NOT NULL,
  `Size` varchar(50) NOT NULL,
  `SoLuong` int(11) NOT NULL,
  `DonGia` decimal(10,0) NOT NULL,
  `TongTien` decimal(10,0) NOT NULL,
  `Note` varchar(500) NOT NULL,
  `NgayXuat` datetime NOT NULL DEFAULT current_timestamp()
) ENGINE=InnoDB DEFAULT CHARSET=utf8mb4 COLLATE=utf8mb4_vietnamese_ci;

--
-- Đang đổ dữ liệu cho bảng `phieuxuat`
--

INSERT INTO `phieuxuat` (`MaPX`, `MaNV`, `MaSP`, `Mau`, `Size`, `SoLuong`, `DonGia`, `TongTien`, `Note`, `NgayXuat`) VALUES
(5, 3, 4, 'none', '36', 40, 1000000, 40000000, 'test', '2020-01-10 21:18:22');

-- --------------------------------------------------------

--
-- Cấu trúc bảng cho bảng `quyen`
--

CREATE TABLE `quyen` (
  `id` int(11) NOT NULL,
  `Ten` varchar(100) NOT NULL,
  `MoTa` varchar(100) DEFAULT NULL
) ENGINE=InnoDB DEFAULT CHARSET=utf8mb4 COLLATE=utf8mb4_vietnamese_ci;

--
-- Đang đổ dữ liệu cho bảng `quyen`
--

INSERT INTO `quyen` (`id`, `Ten`, `MoTa`) VALUES
(1, 'Manager', 'chủ cửa hàng'),
(2, 'Project Manager', 'quản trị viên'),
(3, 'Quản lý Kho', ''),
(4, 'Nhân viên Bán Hàng', ''),
(5, 'Nhân viên giao hàng', '');

-- --------------------------------------------------------

--
-- Cấu trúc bảng cho bảng `sanpham`
--

CREATE TABLE `sanpham` (
  `MaSP` int(11) NOT NULL,
  `TenSP` varchar(255) NOT NULL,
  `MaDM` int(11) DEFAULT NULL,
  `MaNCC` int(11) NOT NULL,
  `SoLuong` int(11) DEFAULT 0,
  `MoTa` text DEFAULT NULL,
  `DonGia` decimal(10,0) NOT NULL,
  `AnhNen` varchar(50) DEFAULT NULL
) ENGINE=InnoDB DEFAULT CHARSET=utf8mb4 COLLATE=utf8mb4_vietnamese_ci;

--
-- Đang đổ dữ liệu cho bảng `sanpham`
--

INSERT INTO `sanpham` (`MaSP`, `TenSP`, `MaDM`, `MaNCC`, `SoLuong`, `MoTa`, `DonGia`, `AnhNen`) VALUES
(179, 'Trà Mãng Cầu', 1, 15, 900, 'Trà mãng cầu ngon tuyệt vời', 30000, 'cach-lam-tra-mang-cau_90f51b5c75.jpg'),
(180, 'Mỳ cay hải sản', 2, 21, 0, 'Mỳ Cay hải sản 7 cấp độ', 30000, 'My-kim-chi-thap-cam.png'),
(181, 'trà sữa kem trứng  ', 3, 15, 450, 'Trà sữa nè', 30000, 'tra-mang-cau-tuoi.jpg');

-- --------------------------------------------------------

--
-- Cấu trúc bảng cho bảng `sanphamkhuyenmai`
--

CREATE TABLE `sanphamkhuyenmai` (
  `MaSP` int(11) NOT NULL,
  `MaKM` int(11) NOT NULL
) ENGINE=InnoDB DEFAULT CHARSET=utf8mb4 COLLATE=utf8mb4_vietnamese_ci;

-- --------------------------------------------------------

--
-- Cấu trúc bảng cho bảng `size`
--

CREATE TABLE `size` (
  `MaSize` varchar(50) NOT NULL
) ENGINE=InnoDB DEFAULT CHARSET=utf8mb4 COLLATE=utf8mb4_vietnamese_ci;

--
-- Đang đổ dữ liệu cho bảng `size`
--

INSERT INTO `size` (`MaSize`) VALUES
('L'),
('M'),
('XL');

--
-- Chỉ mục cho các bảng đã đổ
--

--
-- Chỉ mục cho bảng `anhsp`
--
ALTER TABLE `anhsp`
  ADD PRIMARY KEY (`MaSP`),
  ADD KEY `MaSP` (`MaSP`);

--
-- Chỉ mục cho bảng `binhluan`
--
ALTER TABLE `binhluan`
  ADD PRIMARY KEY (`MaBL`,`MaSP`,`MaKH`),
  ADD KEY `MaKH` (`MaKH`),
  ADD KEY `MaSP` (`MaSP`);

--
-- Chỉ mục cho bảng `chitiethoadon`
--
ALTER TABLE `chitiethoadon`
  ADD PRIMARY KEY (`MaHD`,`MaSP`,`Size`,`MaMau`),
  ADD KEY `MaSP` (`MaSP`),
  ADD KEY `Size` (`Size`),
  ADD KEY `MaMau` (`MaMau`);

--
-- Chỉ mục cho bảng `chitietsanpham`
--
ALTER TABLE `chitietsanpham`
  ADD PRIMARY KEY (`MaSP`,`MaSize`,`MaMau`),
  ADD KEY `MaSize` (`MaSize`),
  ADD KEY `MaMau` (`MaMau`);

--
-- Chỉ mục cho bảng `danhmuc`
--
ALTER TABLE `danhmuc`
  ADD PRIMARY KEY (`MaDM`);

--
-- Chỉ mục cho bảng `hoadon`
--
ALTER TABLE `hoadon`
  ADD PRIMARY KEY (`MaHD`),
  ADD KEY `MaKH` (`MaKH`),
  ADD KEY `MaNV` (`MaNV`);

--
-- Chỉ mục cho bảng `khachhang`
--
ALTER TABLE `khachhang`
  ADD PRIMARY KEY (`Email`),
  ADD UNIQUE KEY `MaKH` (`MaKH`);

--
-- Chỉ mục cho bảng `khuyenmai`
--
ALTER TABLE `khuyenmai`
  ADD PRIMARY KEY (`MaKM`);

--
-- Chỉ mục cho bảng `mau`
--
ALTER TABLE `mau`
  ADD PRIMARY KEY (`MaMau`);

--
-- Chỉ mục cho bảng `nguoinhan`
--
ALTER TABLE `nguoinhan`
  ADD PRIMARY KEY (`MaHD`);

--
-- Chỉ mục cho bảng `nhacc`
--
ALTER TABLE `nhacc`
  ADD PRIMARY KEY (`MaNCC`);

--
-- Chỉ mục cho bảng `nhanvien`
--
ALTER TABLE `nhanvien`
  ADD PRIMARY KEY (`Email`),
  ADD UNIQUE KEY `MaNV` (`MaNV`),
  ADD KEY `Quyen` (`Quyen`);

--
-- Chỉ mục cho bảng `phieugiamgia`
--
ALTER TABLE `phieugiamgia`
  ADD PRIMARY KEY (`id`);

--
-- Chỉ mục cho bảng `phieunhap`
--
ALTER TABLE `phieunhap`
  ADD PRIMARY KEY (`MaPN`),
  ADD KEY `MaNV` (`MaNV`),
  ADD KEY `MaSP` (`MaSP`);

--
-- Chỉ mục cho bảng `phieuxuat`
--
ALTER TABLE `phieuxuat`
  ADD PRIMARY KEY (`MaPX`),
  ADD KEY `MaNV` (`MaNV`),
  ADD KEY `MauSP` (`MaSP`),
  ADD KEY `Mau` (`Mau`),
  ADD KEY `Size` (`Size`);

--
-- Chỉ mục cho bảng `quyen`
--
ALTER TABLE `quyen`
  ADD PRIMARY KEY (`id`);

--
-- Chỉ mục cho bảng `sanpham`
--
ALTER TABLE `sanpham`
  ADD PRIMARY KEY (`MaSP`),
  ADD KEY `MaNCC` (`MaNCC`),
  ADD KEY `MaDM` (`MaDM`);

--
-- Chỉ mục cho bảng `sanphamkhuyenmai`
--
ALTER TABLE `sanphamkhuyenmai`
  ADD PRIMARY KEY (`MaSP`,`MaKM`),
  ADD KEY `MaKH` (`MaKM`);

--
-- Chỉ mục cho bảng `size`
--
ALTER TABLE `size`
  ADD PRIMARY KEY (`MaSize`);

--
-- AUTO_INCREMENT cho các bảng đã đổ
--

--
-- AUTO_INCREMENT cho bảng `binhluan`
--
ALTER TABLE `binhluan`
  MODIFY `MaBL` int(11) NOT NULL AUTO_INCREMENT, AUTO_INCREMENT=23;

--
-- AUTO_INCREMENT cho bảng `danhmuc`
--
ALTER TABLE `danhmuc`
  MODIFY `MaDM` int(11) NOT NULL AUTO_INCREMENT, AUTO_INCREMENT=7;

--
-- AUTO_INCREMENT cho bảng `hoadon`
--
ALTER TABLE `hoadon`
  MODIFY `MaHD` int(11) NOT NULL AUTO_INCREMENT, AUTO_INCREMENT=113;

--
-- AUTO_INCREMENT cho bảng `khachhang`
--
ALTER TABLE `khachhang`
  MODIFY `MaKH` int(11) NOT NULL AUTO_INCREMENT, AUTO_INCREMENT=19;

--
-- AUTO_INCREMENT cho bảng `khuyenmai`
--
ALTER TABLE `khuyenmai`
  MODIFY `MaKM` int(11) NOT NULL AUTO_INCREMENT, AUTO_INCREMENT=7;

--
-- AUTO_INCREMENT cho bảng `nhacc`
--
ALTER TABLE `nhacc`
  MODIFY `MaNCC` int(11) NOT NULL AUTO_INCREMENT, AUTO_INCREMENT=22;

--
-- AUTO_INCREMENT cho bảng `nhanvien`
--
ALTER TABLE `nhanvien`
  MODIFY `MaNV` int(11) NOT NULL AUTO_INCREMENT, AUTO_INCREMENT=7;

--
-- AUTO_INCREMENT cho bảng `phieunhap`
--
ALTER TABLE `phieunhap`
  MODIFY `MaPN` int(11) NOT NULL AUTO_INCREMENT, AUTO_INCREMENT=175;

--
-- AUTO_INCREMENT cho bảng `phieuxuat`
--
ALTER TABLE `phieuxuat`
  MODIFY `MaPX` int(11) NOT NULL AUTO_INCREMENT, AUTO_INCREMENT=6;

--
-- AUTO_INCREMENT cho bảng `sanpham`
--
ALTER TABLE `sanpham`
  MODIFY `MaSP` int(11) NOT NULL AUTO_INCREMENT, AUTO_INCREMENT=182;
COMMIT;

/*!40101 SET CHARACTER_SET_CLIENT=@OLD_CHARACTER_SET_CLIENT */;
/*!40101 SET CHARACTER_SET_RESULTS=@OLD_CHARACTER_SET_RESULTS */;
/*!40101 SET COLLATION_CONNECTION=@OLD_COLLATION_CONNECTION */;
